pm1,pm10,pm25,timestamp
3,12,6,2020-11-12 18:50:11.061790
2,10,4,2020-11-12 18:50:16.198690
3,11,5,2020-11-12 18:50:21.223789
3,16,7,2020-11-12 18:50:26.421446
3,12,6,2020-11-12 18:50:31.635428
3,12,6,2020-11-12 18:50:36.540401
3,12,6,2020-11-12 18:50:41.081756
3,16,7,2020-11-12 18:50:46.208028
3,16,7,2020-11-12 18:50:51.496820
3,12,6,2020-11-12 18:50:56.395887
3,7,4,2020-11-12 18:51:01.698848
2,7,4,2020-11-12 18:51:05.988455
2,7,4,2020-11-12 18:51:11.288705
2,7,4,2020-11-12 18:51:16.235547
2,6,3,2020-11-12 18:51:21.554905
2,2,2,2020-11-12 18:51:26.464862
2,2,2,2020-11-12 18:51:31.623611
2,2,2,2020-11-12 18:51:36.062443
2,6,3,2020-11-12 18:51:41.275706
3,6,3,2020-11-12 18:51:46.364968
3,7,4,2020-11-12 18:51:51.460311
3,10,4,2020-11-12 18:51:56.597047
3,15,6,2020-11-12 18:52:36.221517
3,16,7,2020-11-12 18:52:41.572672
3,16,7,2020-11-12 18:52:46.548327
3,15,6,2020-11-12 18:52:51.660312
2,18,6,2020-11-12 18:52:56.758292
2,18,6,2020-11-12 18:53:02.622219
2,18,6,2020-11-12 18:53:06.289822
2,18,6,2020-11-12 18:53:11.490033
2,18,6,2020-11-12 18:53:16.580381
2,14,5,2020-11-12 18:53:21.687835
3,19,7,2020-11-12 18:53:26.800717
3,15,6,2020-11-12 18:53:31.949644
3,15,6,2020-11-12 18:53:36.363164
2,13,4,2020-11-12 18:53:41.585950
2,10,4,2020-11-12 18:53:46.733193
3,7,4,2020-11-12 18:53:51.806260
3,6,3,2020-11-12 18:53:56.900530
3,6,3,2020-11-12 18:54:02.054000
3,4,4,2020-11-12 18:54:06.608073
3,4,4,2020-11-12 18:54:36.684906
3,4,4,2020-11-12 18:54:41.707493
3,5,5,2020-11-12 18:54:46.982809
3,5,5,2020-11-12 18:54:52.097255
3,5,5,2020-11-12 18:54:57.030182
2,4,4,2020-11-12 18:55:01.571873
2,3,3,2020-11-12 18:55:06.884701
2,2,2,2020-11-12 18:55:11.751253
2,2,2,2020-11-12 18:55:16.914000
2,2,2,2020-11-12 18:55:22.072212
2,2,2,2020-11-12 18:55:27.220316
2,2,2,2020-11-12 18:55:31.581583
2,2,2,2020-11-12 18:55:36.807035
2,2,2,2020-11-12 18:55:48.310277
2,5,2,2020-11-12 18:55:52.090803
2,5,2,2020-11-12 18:55:57.268575
3,6,3,2020-11-12 18:56:01.688330
3,6,3,2020-11-12 18:56:06.896167
3,6,3,2020-11-12 18:56:11.996304
3,7,4,2020-11-12 18:56:22.236950
3,6,3,2020-11-12 18:56:27.350671
3,6,3,2020-11-12 18:56:31.736647
3,7,4,2020-11-12 18:56:36.901183
3,10,4,2020-11-12 18:56:42.116297
2,5,2,2020-11-12 18:56:47.139477
2,5,2,2020-11-12 18:56:52.273267
2,9,3,2020-11-12 18:56:57.377987
3,6,3,2020-11-12 18:57:01.801537
3,6,3,2020-11-12 18:57:06.977272
3,6,3,2020-11-12 18:57:12.109134
3,6,3,2020-11-12 18:57:17.528379
3,6,3,2020-11-12 18:57:22.320627
2,9,3,2020-11-12 18:57:27.452434
2,13,4,2020-11-12 18:59:07.396174
3,14,5,2020-11-12 18:59:12.595378
3,14,5,2020-11-12 18:59:17.508959
3,10,4,2020-11-12 18:59:22.693681
3,14,5,2020-11-12 18:59:27.809818
3,10,4,2020-11-12 18:59:32.221935
3,10,4,2020-11-12 18:59:37.364942
3,10,4,2020-11-12 18:59:42.488050
3,6,3,2020-11-12 18:59:47.604772
3,7,4,2020-11-12 18:59:52.738044
3,6,3,2020-11-12 18:59:57.843910
3,3,3,2020-11-12 19:00:02.329459
3,3,3,2020-11-12 19:00:07.758621
2,3,3,2020-11-12 19:00:12.621105
2,2,2,2020-11-12 19:00:17.987374
2,2,2,2020-11-12 19:00:22.812936
2,2,2,2020-11-12 19:00:27.999940
2,2,2,2020-11-12 19:00:32.383350
2,2,2,2020-11-12 19:00:37.763120
2,2,2,2020-11-12 19:00:42.689177
3,3,3,2020-11-12 19:00:47.782017
3,3,3,2020-11-12 19:00:52.964125
3,3,3,2020-11-12 19:00:57.325748
3,3,3,2020-11-12 19:01:03.201112
3,3,3,2020-11-12 19:01:07.611560
3,3,3,2020-11-12 19:01:12.814079
3,3,3,2020-11-12 19:01:17.935961
2,6,3,2020-11-12 19:01:22.969454
2,7,4,2020-11-12 19:01:28.140060
3,4,4,2020-11-12 19:01:32.701896
3,8,5,2020-11-12 19:01:37.760605
3,8,5,2020-11-12 19:01:42.834698
3,8,5,2020-11-12 19:01:48.091831
3,8,5,2020-11-12 19:01:53.020509
3,9,6,2020-11-12 19:01:57.599508
3,8,5,2020-11-12 19:02:02.655628
3,8,5,2020-11-12 19:02:07.782696
3,7,4,2020-11-12 19:02:12.978836
3,3,3,2020-11-12 19:02:18.166945
2,2,2,2020-11-12 19:02:23.111619
2,2,2,2020-11-12 19:02:27.749249
3,3,3,2020-11-12 19:02:32.752411
2,2,2,2020-11-12 19:02:38.193996
2,2,2,2020-11-12 19:02:42.951578
2,2,2,2020-11-12 19:02:48.108039
2,2,2,2020-11-12 19:02:53.227471
2,2,2,2020-11-12 19:02:57.822079
2,2,2,2020-11-12 19:03:02.823006
2,2,2,2020-11-12 19:03:07.979725
2,2,2,2020-11-12 19:03:13.098415
2,2,2,2020-11-12 19:03:18.267817
2,2,2,2020-11-12 19:03:23.319733
2,3,3,2020-11-12 19:03:27.723420
2,3,3,2020-11-12 19:03:32.921331
2,6,3,2020-11-12 19:03:38.054877
3,4,4,2020-11-12 19:03:43.153268
3,4,4,2020-11-12 19:03:48.323214
2,6,3,2020-11-12 19:03:53.359532
2,7,4,2020-11-12 19:03:57.850170
3,7,4,2020-11-12 19:04:03.153180
3,7,4,2020-11-12 19:04:08.133121
3,7,4,2020-11-12 19:04:13.246010
3,7,4,2020-11-12 19:04:18.461142
3,7,4,2020-11-12 19:04:23.536532
3,7,4,2020-11-12 19:04:27.896974
3,7,4,2020-11-12 19:04:33.146175
3,7,4,2020-11-12 19:04:38.288063
3,10,4,2020-11-12 19:04:43.482448
2,13,4,2020-11-12 19:04:48.502494
2,10,4,2020-11-12 19:04:53.796370
2,10,4,2020-11-12 19:04:57.974331
3,11,5,2020-11-12 19:05:03.343356
2,10,4,2020-11-12 19:05:08.256072
2,10,4,2020-11-12 19:05:13.635980
2,10,4,2020-11-12 19:05:18.461892
2,14,5,2020-11-12 19:05:23.620860
2,10,4,2020-11-12 19:05:28.072412
2,14,5,2020-11-12 19:05:33.300113
2,10,4,2020-11-12 19:05:38.369227
2,11,5,2020-11-12 19:05:43.620377
3,8,5,2020-11-12 19:05:48.541743
3,7,4,2020-11-12 19:05:53.697697
3,7,4,2020-11-12 19:05:58.124523
2,5,2,2020-11-12 19:06:03.478145
2,5,2,2020-11-12 19:06:08.383596
2,2,2,2020-11-12 19:06:13.572151
2,2,2,2020-11-12 19:06:18.691242
2,2,2,2020-11-12 19:06:23.782382
2,2,2,2020-11-12 19:06:28.222489
2,2,2,2020-11-12 19:06:33.554650
2,2,2,2020-11-12 19:06:38.470026
2,2,2,2020-11-12 19:06:44.644181
2,2,2,2020-11-12 19:06:48.717387
2,2,2,2020-11-12 19:06:53.402655
2,2,2,2020-11-12 19:06:58.309174
2,2,2,2020-11-12 19:07:03.492093
2,2,2,2020-11-12 19:07:08.607309
2,2,2,2020-11-12 19:07:13.713430
3,3,3,2020-11-12 19:07:18.960614
3,3,3,2020-11-12 19:07:23.262569
3,3,3,2020-11-12 19:07:28.792902
3,3,3,2020-11-12 19:07:33.571233
3,6,3,2020-11-12 19:07:39.122096
3,3,3,2020-11-12 19:07:43.764732
3,6,3,2020-11-12 19:07:48.961009
3,10,4,2020-11-12 19:07:53.367736
3,7,4,2020-11-12 19:07:58.528321
3,10,4,2020-11-12 19:08:03.650751
3,10,4,2020-11-12 19:08:09.043862
3,6,3,2020-11-12 19:08:14.139602
3,10,4,2020-11-12 19:08:18.981132
3,10,4,2020-11-12 19:08:23.606534
2,9,3,2020-11-12 19:08:28.582669
3,10,4,2020-11-12 19:08:33.709314
3,10,4,2020-11-12 19:08:38.831446
3,10,4,2020-11-12 19:08:45.386862
3,6,3,2020-11-12 19:08:49.072777
3,3,3,2020-11-12 19:08:53.486986
3,3,3,2020-11-12 19:08:58.737057
2,2,2,2020-11-12 19:09:03.770113
3,3,3,2020-11-12 19:09:08.885832
3,3,3,2020-11-12 19:09:14.144988
3,3,3,2020-11-12 19:09:19.167060
3,3,3,2020-11-12 19:09:23.567923
3,3,3,2020-11-12 19:09:28.721899
2,2,2,2020-11-12 19:09:34.044550
2,2,2,2020-11-12 19:09:39.124423
2,2,2,2020-11-12 19:09:44.064550
2,2,2,2020-11-12 19:09:49.363258
2,2,2,2020-11-12 19:09:53.665180
3,3,3,2020-11-12 19:09:59.065491
3,3,3,2020-11-12 19:10:03.910228
3,3,3,2020-11-12 19:10:09.208833
3,3,3,2020-11-12 19:10:14.146507
2,5,2,2020-11-12 19:10:20.102496
2,5,2,2020-11-12 19:10:23.747180
2,9,3,2020-11-12 19:10:29.058750
3,10,4,2020-11-12 19:10:33.971016
2,9,3,2020-11-12 19:10:39.231995
3,10,4,2020-11-12 19:10:44.610668
3,11,5,2020-11-12 19:10:49.426487
3,11,5,2020-11-12 19:10:53.813529
3,11,5,2020-11-12 19:10:59.710658
3,11,5,2020-11-12 19:11:04.435373
3,11,5,2020-11-12 19:11:09.181924
3,7,4,2020-11-12 19:11:14.435150
2,6,3,2020-11-12 19:11:19.559830
3,7,4,2020-11-12 19:11:23.889117
2,6,3,2020-11-12 19:11:29.071703
2,6,3,2020-11-12 19:11:34.207653
2,6,3,2020-11-12 19:11:39.321027
2,7,4,2020-11-12 19:11:44.786795
2,6,3,2020-11-12 19:11:49.523124
2,6,3,2020-11-12 19:11:54.008628
2,3,3,2020-11-12 19:11:59.267952
3,4,4,2020-11-12 19:12:04.292710
3,7,4,2020-11-12 19:12:09.920887
3,7,4,2020-11-12 19:12:14.534342
3,4,4,2020-11-12 19:12:19.758319
3,3,3,2020-11-12 19:12:24.055016
3,3,3,2020-11-12 19:12:29.279890
2,2,2,2020-11-12 19:12:34.384825
3,3,3,2020-11-12 19:12:40.264176
3,3,3,2020-11-12 19:12:44.691749
3,3,3,2020-11-12 19:12:49.170517
2,2,2,2020-11-12 19:12:54.189302
2,2,2,2020-11-12 19:12:59.460509
2,2,2,2020-11-12 19:13:04.752616
2,2,2,2020-11-12 19:13:10.037232
2,2,2,2020-11-12 19:13:15.012183
2,2,2,2020-11-12 19:13:19.251146
2,2,2,2020-11-12 19:13:24.281896
3,3,3,2020-11-12 19:13:29.560434
2,2,2,2020-11-12 19:13:34.645092
2,2,2,2020-11-12 19:13:39.566793
3,3,3,2020-11-12 19:13:44.883590
3,3,3,2020-11-12 19:13:49.183408
2,2,2,2020-11-12 19:13:54.355355
2,2,2,2020-11-12 19:13:59.466099
2,5,2,2020-11-12 19:14:04.749907
2,6,3,2020-11-12 19:14:09.899391
2,7,4,2020-11-12 19:14:19.904264
2,7,4,2020-11-12 19:14:24.445719
2,7,4,2020-11-12 19:14:29.588249
2,10,4,2020-11-12 19:14:35.098552
3,8,5,2020-11-12 19:14:39.753597
3,11,5,2020-11-12 19:14:44.924711
3,11,5,2020-11-12 19:14:49.342887
3,8,5,2020-11-12 19:14:54.651295
3,8,5,2020-11-12 19:14:59.584468
3,8,5,2020-11-12 19:15:04.767660
3,8,5,2020-11-12 19:15:09.954891
2,3,3,2020-11-12 19:15:14.983173
2,6,3,2020-11-12 19:15:19.408090
2,7,4,2020-11-12 19:15:24.968738
2,7,4,2020-11-12 19:15:29.833432
2,6,3,2020-11-12 19:15:34.803548
2,6,3,2020-11-12 19:15:39.947491
2,7,4,2020-11-12 19:15:45.138514
3,8,5,2020-11-12 19:15:49.531507
3,8,5,2020-11-12 19:15:54.686981
3,7,4,2020-11-12 19:15:59.857407
3,7,4,2020-11-12 19:16:04.942865
2,6,3,2020-11-12 19:16:10.136339
2,6,3,2020-11-12 19:16:16.398716
2,6,3,2020-11-12 19:16:19.577873
2,5,2,2020-11-12 19:16:24.736452
2,5,2,2020-11-12 19:16:29.887208
2,5,2,2020-11-12 19:16:34.982507
2,5,2,2020-11-12 19:16:40.110734
2,2,2,2020-11-12 19:16:45.235230
3,3,3,2020-11-12 19:16:49.662843
3,3,3,2020-11-12 19:16:54.944119
3,3,3,2020-11-12 19:17:00.399392
3,3,3,2020-11-12 19:17:05.088247
3,3,3,2020-11-12 19:17:10.193761
2,2,2,2020-11-12 19:17:15.933581
3,3,3,2020-11-12 19:17:19.735244
2,2,2,2020-11-12 19:17:25.058808
2,2,2,2020-11-12 19:17:30.091506
2,2,2,2020-11-12 19:17:35.122238
3,3,3,2020-11-12 19:17:40.241636
3,3,3,2020-11-12 19:17:45.459181
2,2,2,2020-11-12 19:17:49.801794
3,3,3,2020-11-12 19:17:54.958607
3,3,3,2020-11-12 19:18:00.121880
2,2,2,2020-11-12 19:18:05.211270
2,5,2,2020-11-12 19:18:10.336247
2,9,3,2020-11-12 19:18:18.964033
2,9,3,2020-11-12 19:18:19.882715
2,9,3,2020-11-12 19:18:25.062479
3,10,4,2020-11-12 19:18:30.183404
2,13,4,2020-11-12 19:18:35.278394
3,14,5,2020-11-12 19:18:40.501664
3,10,4,2020-11-12 19:18:45.544586
3,10,4,2020-11-12 19:18:49.964639
2,9,3,2020-11-12 19:18:56.072497
2,9,3,2020-11-12 19:19:00.269235
2,13,4,2020-11-12 19:19:05.442516
2,9,3,2020-11-12 19:19:10.485535
2,9,3,2020-11-12 19:19:16.406454
2,10,4,2020-11-12 19:19:20.059796
2,10,4,2020-11-12 19:19:25.238025
2,10,4,2020-11-12 19:19:30.716004
2,6,3,2020-11-12 19:19:35.438231
2,6,3,2020-11-12 19:19:40.593551
2,10,4,2020-11-12 19:19:45.936105
2,13,4,2020-11-12 19:19:50.167344
2,14,5,2020-11-12 19:19:55.860312
2,13,4,2020-11-12 19:20:00.476517
3,14,5,2020-11-12 19:20:05.590743
3,11,5,2020-11-12 19:20:10.684542
2,13,4,2020-11-12 19:20:15.098413
2,13,4,2020-11-12 19:20:20.356300
2,13,4,2020-11-12 19:20:25.382365
2,13,4,2020-11-12 19:20:30.519490
2,13,4,2020-11-12 19:20:35.629853
2,13,4,2020-11-12 19:20:40.751818
2,13,4,2020-11-12 19:20:45.163438
2,9,3,2020-11-12 19:20:50.329052
2,9,3,2020-11-12 19:20:56.613665
2,9,3,2020-11-12 19:21:00.616673
3,6,3,2020-11-12 19:21:05.691092
3,3,3,2020-11-12 19:21:10.807669
3,3,3,2020-11-12 19:21:15.242719
3,3,3,2020-11-12 19:21:20.459044
3,6,3,2020-11-12 19:21:25.568662
3,6,3,2020-11-12 19:21:30.671487
2,2,2,2020-11-12 19:21:35.773131
2,2,2,2020-11-12 19:21:40.878256
2,2,2,2020-11-12 19:21:45.323137
2,2,2,2020-11-12 19:21:50.481859
2,2,2,2020-11-12 19:21:56.238992
3,3,3,2020-11-12 19:22:00.743856
3,3,3,2020-11-12 19:22:05.915147
3,3,3,2020-11-12 19:22:10.963502
3,3,3,2020-11-12 19:22:15.403024
3,3,3,2020-11-12 19:22:20.566656
3,3,3,2020-11-12 19:22:25.739900
3,3,3,2020-11-12 19:22:30.935816
3,3,3,2020-11-12 19:22:35.930121
3,3,3,2020-11-12 19:22:41.074623
3,6,3,2020-11-12 19:22:45.484603
3,6,3,2020-11-12 19:22:50.855233
3,6,3,2020-11-12 19:22:58.036574
2,5,2,2020-11-12 19:23:01.067185
2,5,2,2020-11-12 19:23:06.563033
2,5,2,2020-11-12 19:23:11.156064
2,2,2,2020-11-12 19:23:15.563808
2,2,2,2020-11-12 19:23:21.166424
3,6,3,2020-11-12 19:23:25.869801
3,6,3,2020-11-12 19:23:30.982773
3,6,3,2020-11-12 19:23:36.291182
2,5,2,2020-11-12 19:23:41.209490
2,2,2,2020-11-12 19:23:45.696822
2,2,2,2020-11-12 19:23:50.879389
2,2,2,2020-11-12 19:23:56.183090
2,5,2,2020-11-12 19:24:01.096256
2,5,2,2020-11-12 19:24:06.243053
2,5,2,2020-11-12 19:24:11.336784
2,6,3,2020-11-12 19:24:15.739447
2,6,3,2020-11-12 19:24:20.969211
2,5,2,2020-11-12 19:24:26.064503
2,5,2,2020-11-12 19:24:31.158710
2,5,2,2020-11-12 19:24:36.319682
2,6,3,2020-11-12 19:24:41.376119
2,6,3,2020-11-12 19:24:45.803794
3,7,4,2020-11-12 19:24:50.992869
3,7,4,2020-11-12 19:24:57.639885
3,6,3,2020-11-12 19:25:01.269307
3,3,3,2020-11-12 19:25:06.380679
3,3,3,2020-11-12 19:25:11.445376
3,3,3,2020-11-12 19:25:16.044350
2,2,2,2020-11-12 19:25:21.076813
2,2,2,2020-11-12 19:25:26.182468
2,2,2,2020-11-12 19:25:31.340279
2,2,2,2020-11-12 19:25:36.444717
2,2,2,2020-11-12 19:25:41.676984
2,2,2,2020-11-12 19:25:45.963155
3,3,3,2020-11-12 19:25:51.180256
2,2,2,2020-11-12 19:25:57.489287
3,3,3,2020-11-12 19:26:01.397340
3,6,3,2020-11-12 19:26:06.483941
3,6,3,2020-11-12 19:26:11.601693
3,14,5,2020-11-12 19:26:16.043398
3,14,5,2020-11-12 19:26:21.238292
3,14,5,2020-11-12 19:26:26.485110
3,18,6,2020-11-12 19:26:31.471654
3,18,6,2020-11-12 19:26:36.592848
3,18,6,2020-11-12 19:26:41.020771
3,14,5,2020-11-12 19:26:46.168057
3,18,6,2020-11-12 19:26:51.461590
3,18,6,2020-11-12 19:26:56.391339
3,22,7,2020-11-12 19:27:01.603144
2,17,5,2020-11-12 19:27:06.731360
3,22,7,2020-11-12 19:27:11.102983
3,14,5,2020-11-12 19:27:16.636135
2,13,4,2020-11-12 19:27:21.373518
2,13,4,2020-11-12 19:27:26.490440
2,9,3,2020-11-12 19:27:31.606414
2,9,3,2020-11-12 19:27:36.748894
2,9,3,2020-11-12 19:27:41.209913
2,9,3,2020-11-12 19:27:46.426133
2,13,4,2020-11-12 19:27:51.515411
2,9,3,2020-11-12 19:27:57.870543
3,6,3,2020-11-12 19:28:01.734678
2,5,2,2020-11-12 19:28:06.870481
3,6,3,2020-11-12 19:28:11.258093
3,6,3,2020-11-12 19:28:16.593610
2,5,2,2020-11-12 19:28:21.901780
2,5,2,2020-11-12 19:28:26.689087
2,5,2,2020-11-12 19:28:31.799710
3,6,3,2020-11-12 19:28:36.964030
2,5,2,2020-11-12 19:28:41.323010
3,10,4,2020-11-12 19:28:46.532774
3,6,3,2020-11-12 19:28:51.600590
3,6,3,2020-11-12 19:28:58.483783
3,6,3,2020-11-12 19:29:02.815422
3,6,3,2020-11-12 19:29:06.984559
3,3,3,2020-11-12 19:29:11.406867
2,2,2,2020-11-12 19:29:16.824715
2,2,2,2020-11-12 19:29:21.700906
2,2,2,2020-11-12 19:29:26.870853
2,2,2,2020-11-12 19:29:31.921490
2,2,2,2020-11-12 19:29:36.547437
2,2,2,2020-11-12 19:29:41.553546
2,2,2,2020-11-12 19:29:46.922904
2,2,2,2020-11-12 19:29:51.922374
2,2,2,2020-11-12 19:29:56.864969
2,2,2,2020-11-12 19:30:02.528274
2,2,2,2020-11-12 19:30:07.192824
2,2,2,2020-11-12 19:30:11.581988
2,2,2,2020-11-12 19:30:16.888644
3,3,3,2020-11-12 19:30:22.511704
3,3,3,2020-11-12 19:30:27.042958
3,3,3,2020-11-12 19:30:32.125154
2,2,2,2020-11-12 19:30:37.249225
3,3,3,2020-11-12 19:30:41.642023
2,2,2,2020-11-12 19:30:46.927689
2,5,2,2020-11-12 19:30:51.918975
2,5,2,2020-11-12 19:30:57.417964
2,2,2,2020-11-12 19:31:02.201402
2,2,2,2020-11-12 19:31:07.321334
2,2,2,2020-11-12 19:31:11.723256
2,2,2,2020-11-12 19:31:16.887730
2,2,2,2020-11-12 19:31:22.076180
2,2,2,2020-11-12 19:31:27.168249
2,5,2,2020-11-12 19:31:32.239508
2,5,2,2020-11-12 19:31:37.369670
2,5,2,2020-11-12 19:31:41.865662
2,5,2,2020-11-12 19:31:47.072184
2,2,2,2020-11-12 19:31:52.135180
2,5,2,2020-11-12 19:31:58.612187
2,6,3,2020-11-12 19:32:02.369335
2,6,3,2020-11-12 19:32:07.559769
2,6,3,2020-11-12 19:32:11.900683
2,6,3,2020-11-12 19:32:17.085582
2,6,3,2020-11-12 19:32:22.250035
2,6,3,2020-11-12 19:32:27.300712
2,6,3,2020-11-12 19:32:32.413894
2,6,3,2020-11-12 19:32:36.842143
3,7,4,2020-11-12 19:32:42.116424
3,7,4,2020-11-12 19:32:47.218298
3,3,3,2020-11-12 19:32:58.528556
3,3,3,2020-11-12 19:33:02.511573
3,3,3,2020-11-12 19:33:06.930743
2,5,2,2020-11-12 19:33:12.119799
2,5,2,2020-11-12 19:33:17.197912
2,5,2,2020-11-12 19:33:22.370278
2,9,3,2020-11-12 19:33:27.538121
2,9,3,2020-11-12 19:33:32.631299
2,5,2,2020-11-12 19:33:37.687479
2,5,2,2020-11-12 19:33:42.134837
2,9,3,2020-11-12 19:33:47.280909
2,9,3,2020-11-12 19:33:52.398613
3,10,4,2020-11-12 19:33:57.866726
3,7,4,2020-11-12 19:34:02.638781
3,7,4,2020-11-12 19:34:07.082789
3,6,3,2020-11-12 19:34:12.244903
3,3,3,2020-11-12 19:34:17.620395
3,3,3,2020-11-12 19:34:22.513273
3,3,3,2020-11-12 19:34:27.606800
2,2,2,2020-11-12 19:34:32.769890
2,2,2,2020-11-12 19:34:37.173543
2,2,2,2020-11-12 19:34:42.447048
2,2,2,2020-11-12 19:34:47.443455
2,5,2,2020-11-12 19:34:52.725871
2,5,2,2020-11-12 19:34:57.667498
2,5,2,2020-11-12 19:35:02.840726
2,5,2,2020-11-12 19:35:07.263256
2,5,2,2020-11-12 19:35:13.181289
2,5,2,2020-11-12 19:35:17.647124
2,5,2,2020-11-12 19:35:22.645393
2,9,3,2020-11-12 19:35:27.786007
2,9,3,2020-11-12 19:35:32.883514
2,9,3,2020-11-12 19:35:37.371593
2,9,3,2020-11-12 19:35:42.527688
2,9,3,2020-11-12 19:35:47.827535
2,5,2,2020-11-12 19:35:52.882346
2,9,3,2020-11-12 19:35:58.016440
2,9,3,2020-11-12 19:36:03.005024
2,9,3,2020-11-12 19:36:07.419180
2,6,3,2020-11-12 19:36:12.633565
2,5,2,2020-11-12 19:36:17.714479
2,2,2,2020-11-12 19:36:22.883557
2,2,2,2020-11-12 19:36:27.953209
2,2,2,2020-11-12 19:36:33.137268
2,2,2,2020-11-12 19:36:37.484277
2,2,2,2020-11-12 19:36:42.662912
2,2,2,2020-11-12 19:36:47.765741
2,2,2,2020-11-12 19:36:52.901019
2,2,2,2020-11-12 19:36:58.366722
2,2,2,2020-11-12 19:37:03.181347
2,2,2,2020-11-12 19:37:07.568295
2,2,2,2020-11-12 19:37:12.747206
2,2,2,2020-11-12 19:37:17.844426
2,2,2,2020-11-12 19:37:22.963299
2,2,2,2020-11-12 19:37:28.123780
2,2,2,2020-11-12 19:37:33.198423
2,2,2,2020-11-12 19:37:37.641922
2,2,2,2020-11-12 19:37:42.925516
3,3,3,2020-11-12 19:37:47.919972
2,2,2,2020-11-12 19:37:53.066553
2,2,2,2020-11-12 19:37:58.191857
3,3,3,2020-11-12 19:38:03.300116
3,3,3,2020-11-12 19:38:07.729071
2,2,2,2020-11-12 19:38:13.377076
2,2,2,2020-11-12 19:38:17.999512
3,3,3,2020-11-12 19:38:23.141156
2,2,2,2020-11-12 19:38:28.441121
2,2,2,2020-11-12 19:38:32.889621
2,2,2,2020-11-12 19:38:38.047561
2,2,2,2020-11-12 19:38:42.946627
2,2,2,2020-11-12 19:38:48.138496
2,2,2,2020-11-12 19:38:53.491924
2,2,2,2020-11-12 19:38:59.193274
2,2,2,2020-11-12 19:39:02.782936
2,2,2,2020-11-12 19:39:07.940427
2,2,2,2020-11-12 19:39:13.079592
3,3,3,2020-11-12 19:39:18.158995
2,2,2,2020-11-12 19:39:23.515046
2,2,2,2020-11-12 19:39:28.410876
2,2,2,2020-11-12 19:39:32.897303
2,2,2,2020-11-12 19:39:38.047877
2,5,2,2020-11-12 19:39:43.173003
2,5,2,2020-11-12 19:39:48.316028
3,6,3,2020-11-12 19:39:53.416834
3,7,4,2020-11-12 19:39:58.668512
3,6,3,2020-11-12 19:40:02.938861
3,6,3,2020-11-12 19:40:08.399072
3,6,3,2020-11-12 19:40:13.981500
3,7,4,2020-11-12 19:40:18.690576
2,6,3,2020-11-12 19:40:23.424587
2,2,2,2020-11-12 19:40:28.623401
2,6,3,2020-11-12 19:40:33.050296
2,6,3,2020-11-12 19:40:38.180307
2,2,2,2020-11-12 19:40:43.309578
2,2,2,2020-11-12 19:40:48.410577
2,2,2,2020-11-12 19:40:53.640791
2,2,2,2020-11-12 19:40:59.379087
2,3,3,2020-11-12 19:41:03.105331
2,3,3,2020-11-12 19:41:08.253909
2,3,3,2020-11-12 19:41:13.674527
2,6,3,2020-11-12 19:41:18.462591
2,6,3,2020-11-12 19:41:23.888796
2,7,4,2020-11-12 19:41:28.701987
2,3,3,2020-11-12 19:41:33.211262
2,7,4,2020-11-12 19:41:38.321090
2,11,5,2020-11-12 19:41:43.463454
2,11,5,2020-11-12 19:41:48.657393
2,15,6,2020-11-12 19:41:53.710617
2,14,5,2020-11-12 19:41:58.847495
2,11,5,2020-11-12 19:42:03.241812
2,11,5,2020-11-12 19:42:08.422530
2,10,4,2020-11-12 19:42:13.523114
2,9,3,2020-11-12 19:42:18.907507
3,10,4,2020-11-12 19:42:23.743979
3,10,4,2020-11-12 19:42:28.883480
2,9,3,2020-11-12 19:42:33.324432
2,5,2,2020-11-12 19:42:38.481610
3,6,3,2020-11-12 19:42:43.607350
3,3,3,2020-11-12 19:42:48.720255
2,2,2,2020-11-12 19:42:53.842482
2,2,2,2020-11-12 19:42:59.255718
2,2,2,2020-11-12 19:43:03.425933
2,2,2,2020-11-12 19:43:08.571852
2,2,2,2020-11-12 19:43:13.700081
2,2,2,2020-11-12 19:43:19.040617
2,2,2,2020-11-12 19:43:23.922154
2,2,2,2020-11-12 19:43:29.694953
2,2,2,2020-11-12 19:43:33.534587
2,2,2,2020-11-12 19:43:38.730739
2,2,2,2020-11-12 19:43:43.806839
2,3,3,2020-11-12 19:43:48.971577
2,2,2,2020-11-12 19:43:54.065408
2,2,2,2020-11-12 19:43:58.716300
2,5,2,2020-11-12 19:44:03.652797
2,6,3,2020-11-12 19:44:08.773735
2,6,3,2020-11-12 19:44:13.890875
2,5,2,2020-11-12 19:44:19.050132
2,9,3,2020-11-12 19:44:24.156405
2,9,3,2020-11-12 19:44:28.774008
2,9,3,2020-11-12 19:44:33.787459
2,9,3,2020-11-12 19:44:38.819595
2,9,3,2020-11-12 19:44:43.932169
2,5,2,2020-11-12 19:44:49.059819
2,5,2,2020-11-12 19:44:54.167299
2,5,2,2020-11-12 19:44:59.287682
2,5,2,2020-11-12 19:45:03.727748
2,2,2,2020-11-12 19:45:08.898169
2,5,2,2020-11-12 19:45:14.026934
2,5,2,2020-11-12 19:45:19.142099
2,2,2,2020-11-12 19:45:24.626699
2,5,2,2020-11-12 19:45:28.688011
2,2,2,2020-11-12 19:45:33.860314
2,6,3,2020-11-12 19:45:38.977666
2,9,3,2020-11-12 19:45:44.141473
2,10,4,2020-11-12 19:45:49.239294
2,10,4,2020-11-12 19:45:54.346498
2,10,4,2020-11-12 19:45:58.762567
2,13,4,2020-11-12 19:46:03.934037
2,14,5,2020-11-12 19:46:09.057440
2,17,5,2020-11-12 19:46:14.417383
2,17,5,2020-11-12 19:46:19.588440
2,17,5,2020-11-12 19:46:24.468296
2,14,5,2020-11-12 19:46:28.842508
2,14,5,2020-11-12 19:46:34.004743
2,10,4,2020-11-12 19:46:39.121023
2,6,3,2020-11-12 19:46:44.416736
2,6,3,2020-11-12 19:46:49.344131
2,6,3,2020-11-12 19:46:54.530381
2,6,3,2020-11-12 19:46:58.942246
2,6,3,2020-11-12 19:47:04.103349
2,6,3,2020-11-12 19:47:09.601485
3,3,3,2020-11-12 19:47:14.607418
3,3,3,2020-11-12 19:47:19.732584
2,2,2,2020-11-12 19:47:24.577272
2,2,2,2020-11-12 19:47:29.051687
2,2,2,2020-11-12 19:47:34.221027
2,2,2,2020-11-12 19:47:39.338579
2,5,2,2020-11-12 19:47:44.451246
2,6,3,2020-11-12 19:47:49.592985
2,6,3,2020-11-12 19:47:54.686049
3,6,3,2020-11-12 19:47:59.380604
3,6,3,2020-11-12 19:48:04.403931
3,6,3,2020-11-12 19:48:09.421651
3,3,3,2020-11-12 19:48:14.764624
3,6,3,2020-11-12 19:48:21.516202
3,6,3,2020-11-12 19:48:24.711324
3,6,3,2020-11-12 19:48:29.237566
3,6,3,2020-11-12 19:48:34.449771
3,6,3,2020-11-12 19:48:39.438551
2,5,2,2020-11-12 19:48:44.647837
2,5,2,2020-11-12 19:48:49.711500
2,6,3,2020-11-12 19:48:55.342580
2,10,4,2020-11-12 19:48:59.243817
2,13,4,2020-11-12 19:49:04.401526
2,13,4,2020-11-12 19:49:09.715567
2,17,5,2020-11-12 19:49:14.682015
2,13,4,2020-11-12 19:49:19.795639
2,13,4,2020-11-12 19:49:24.963216
2,13,4,2020-11-12 19:49:29.349336
2,13,4,2020-11-12 19:49:34.615356
2,13,4,2020-11-12 19:49:39.626573
3,14,5,2020-11-12 19:49:44.883571
3,11,5,2020-11-12 19:49:49.822148
3,11,5,2020-11-12 19:49:55.033001
3,10,4,2020-11-12 19:49:59.446483
3,7,4,2020-11-12 19:50:04.727166
2,6,3,2020-11-12 19:50:09.764605
3,3,3,2020-11-12 19:50:16.335528
2,2,2,2020-11-12 19:50:19.903411
2,2,2,2020-11-12 19:50:25.143670
2,2,2,2020-11-12 19:50:29.484533
2,2,2,2020-11-12 19:50:34.662299
2,2,2,2020-11-12 19:50:39.761403
2,2,2,2020-11-12 19:50:44.910772
2,2,2,2020-11-12 19:50:50.015644
2,2,2,2020-11-12 19:50:55.146258
2,2,2,2020-11-12 19:50:59.576486
2,2,2,2020-11-12 19:51:05.592668
2,2,2,2020-11-12 19:51:09.904102
2,2,2,2020-11-12 19:51:16.444048
2,2,2,2020-11-12 19:51:20.080007
2,2,2,2020-11-12 19:51:25.225056
2,2,2,2020-11-12 19:51:29.696411
2,2,2,2020-11-12 19:51:34.874330
2,2,2,2020-11-12 19:51:39.970461
3,3,3,2020-11-12 19:51:45.115307
3,3,3,2020-11-12 19:51:50.218868
3,3,3,2020-11-12 19:51:54.615367
3,3,3,2020-11-12 19:51:59.996523
3,3,3,2020-11-12 19:52:04.894788
3,3,3,2020-11-12 19:52:10.033552
3,3,3,2020-11-12 19:52:15.292311
2,2,2,2020-11-12 19:52:21.083154
2,2,2,2020-11-12 19:52:24.682321
2,2,2,2020-11-12 19:52:30.048978
2,2,2,2020-11-12 19:52:34.968524
2,2,2,2020-11-12 19:52:40.111784
2,2,2,2020-11-12 19:52:45.303603
2,2,2,2020-11-12 19:52:50.324771
2,2,2,2020-11-12 19:52:54.767186
2,2,2,2020-11-12 19:53:00.246037
2,2,2,2020-11-12 19:53:05.400422
2,2,2,2020-11-12 19:53:10.156783
2,2,2,2020-11-12 19:53:15.925385
2,2,2,2020-11-12 19:53:20.579420
2,6,3,2020-11-12 19:53:24.840777
2,5,2,2020-11-12 19:53:30.007920
2,5,2,2020-11-12 19:53:35.251592
2,9,3,2020-11-12 19:53:40.556203
2,9,3,2020-11-12 19:53:45.341099
2,9,3,2020-11-12 19:53:50.647333
2,9,3,2020-11-12 19:53:55.587334
2,10,4,2020-11-12 19:54:00.109368
2,10,4,2020-11-12 19:54:05.239626
2,10,4,2020-11-12 19:54:10.599562
2,10,4,2020-11-12 19:54:16.588403
2,10,4,2020-11-12 19:54:21.335508
3,7,4,2020-11-12 19:54:25.004061
2,6,3,2020-11-12 19:54:30.192589
2,10,4,2020-11-12 19:54:35.306794
2,10,4,2020-11-12 19:54:40.427526
2,6,3,2020-11-12 19:54:45.521285
2,6,3,2020-11-12 19:54:50.653142
2,6,3,2020-11-12 19:54:55.081637
2,10,4,2020-11-12 19:55:00.343144
2,9,3,2020-11-12 19:55:05.369268
2,9,3,2020-11-12 19:55:10.605086
2,10,4,2020-11-12 19:55:16.385990
2,14,5,2020-11-12 19:55:20.733317
2,14,5,2020-11-12 19:55:25.208624
2,13,4,2020-11-12 19:55:30.561677
2,13,4,2020-11-12 19:55:35.532930
2,9,3,2020-11-12 19:55:40.661286
2,9,3,2020-11-12 19:55:45.730909
2,9,3,2020-11-12 19:55:50.876643
2,5,2,2020-11-12 19:55:55.257239
2,9,3,2020-11-12 19:56:00.433208
2,10,4,2020-11-12 19:56:05.604876
2,10,4,2020-11-12 19:56:10.677345
2,6,3,2020-11-12 19:56:16.555654
2,6,3,2020-11-12 19:56:21.859472
2,6,3,2020-11-12 19:56:25.320715
2,6,3,2020-11-12 19:56:30.524493
2,6,3,2020-11-12 19:56:35.599384
2,6,3,2020-11-12 19:56:40.730708
2,6,3,2020-11-12 19:56:45.836357
2,9,3,2020-11-12 19:56:50.997265
2,9,3,2020-11-12 19:56:55.401518
2,5,2,2020-11-12 19:57:00.593161
2,9,3,2020-11-12 19:57:05.678517
2,9,3,2020-11-12 19:57:10.882959
2,9,3,2020-11-12 19:57:16.369223
2,5,2,2020-11-12 19:57:21.046543
2,5,2,2020-11-12 19:57:25.490520
2,5,2,2020-11-12 19:57:30.647268
2,5,2,2020-11-12 19:57:35.961460
2,5,2,2020-11-12 19:57:40.861086
2,5,2,2020-11-12 19:57:46.163860
2,2,2,2020-11-12 19:57:51.103451
2,2,2,2020-11-12 19:57:55.774032
3,3,3,2020-11-12 19:58:00.701808
3,3,3,2020-11-12 19:58:06.059281
3,3,3,2020-11-12 19:58:10.946489
3,3,3,2020-11-12 19:58:16.475978
2,2,2,2020-11-12 19:58:20.560120
2,2,2,2020-11-12 19:58:25.715035
2,2,2,2020-11-12 19:58:30.826389
2,2,2,2020-11-12 19:58:36.058373
2,2,2,2020-11-12 19:58:41.535901
2,2,2,2020-11-12 19:58:46.159586
2,2,2,2020-11-12 19:58:50.631413
2,2,2,2020-11-12 19:58:55.805392
2,2,2,2020-11-12 19:59:00.888383
2,5,2,2020-11-12 19:59:06.009337
2,5,2,2020-11-12 19:59:11.287322
2,5,2,2020-11-12 19:59:16.569661
2,5,2,2020-11-12 19:59:20.729623
2,5,2,2020-11-12 19:59:25.918976
2,6,3,2020-11-12 19:59:31.090984
2,6,3,2020-11-12 19:59:36.135171
2,6,3,2020-11-12 19:59:41.273481
2,9,3,2020-11-12 19:59:46.404798
2,6,3,2020-11-12 19:59:50.775982
2,6,3,2020-11-12 19:59:56.434476
2,9,3,2020-11-12 20:00:01.216821
2,6,3,2020-11-12 20:00:06.185832
2,5,2,2020-11-12 20:00:11.409583
2,2,2,2020-11-12 20:00:17.149218
2,6,3,2020-11-12 20:00:20.846883
2,6,3,2020-11-12 20:00:26.059404
2,5,2,2020-11-12 20:00:31.146826
2,5,2,2020-11-12 20:00:36.241594
2,6,3,2020-11-12 20:00:41.360527
2,2,2,2020-11-12 20:00:46.498522
2,6,3,2020-11-12 20:00:50.925302
2,7,4,2020-11-12 20:00:56.080561
2,7,4,2020-11-12 20:01:01.329309
2,7,4,2020-11-12 20:01:06.335221
2,7,4,2020-11-12 20:01:11.450603
2,7,4,2020-11-12 20:01:16.604458
2,6,3,2020-11-12 20:01:21.002755
2,6,3,2020-11-12 20:01:26.182496
2,6,3,2020-11-12 20:01:31.317596
2,6,3,2020-11-12 20:01:36.440767
2,9,3,2020-11-12 20:01:41.786625
2,9,3,2020-11-12 20:01:46.682707
2,6,3,2020-11-12 20:01:51.246630
2,9,3,2020-11-12 20:01:56.335257
2,5,2,2020-11-12 20:02:01.382697
2,5,2,2020-11-12 20:02:06.486243
2,5,2,2020-11-12 20:02:11.605219
2,6,3,2020-11-12 20:02:17.180396
2,5,2,2020-11-12 20:02:21.164911
2,6,3,2020-11-12 20:02:27.037803
2,6,3,2020-11-12 20:02:31.604732
2,6,3,2020-11-12 20:02:36.546001
2,5,2,2020-11-12 20:02:41.801192
2,5,2,2020-11-12 20:02:46.303075
2,2,2,2020-11-12 20:02:51.336736
2,2,2,2020-11-12 20:02:56.420711
2,2,2,2020-11-12 20:03:01.571592
2,2,2,2020-11-12 20:03:06.659365
2,2,2,2020-11-12 20:03:11.781303
2,2,2,2020-11-12 20:03:16.967986
2,2,2,2020-11-12 20:03:21.374301
2,2,2,2020-11-12 20:03:26.545044
2,2,2,2020-11-12 20:03:31.645970
2,2,2,2020-11-12 20:03:36.964324
2,2,2,2020-11-12 20:03:41.931833
2,2,2,2020-11-12 20:03:47.171358
2,2,2,2020-11-12 20:03:51.419161
2,5,2,2020-11-12 20:03:56.578977
2,2,2,2020-11-12 20:04:01.716039
2,2,2,2020-11-12 20:04:06.822255
2,5,2,2020-11-12 20:04:11.942047
2,5,2,2020-11-12 20:04:17.054472
2,9,3,2020-11-12 20:04:21.498981
2,6,3,2020-11-12 20:04:26.954321
2,5,2,2020-11-12 20:04:31.766752
2,6,3,2020-11-12 20:04:36.907899
2,6,3,2020-11-12 20:04:42.042754
2,6,3,2020-11-12 20:04:46.444066
2,9,3,2020-11-12 20:04:51.628526
2,9,3,2020-11-12 20:04:56.720217
2,10,4,2020-11-12 20:05:01.902393
2,10,4,2020-11-12 20:05:06.963046
2,6,3,2020-11-12 20:05:12.080581
2,9,3,2020-11-12 20:05:16.525516
2,9,3,2020-11-12 20:05:21.738733
2,13,4,2020-11-12 20:05:26.800802
2,13,4,2020-11-12 20:05:31.926283
2,13,4,2020-11-12 20:05:37.041346
3,18,6,2020-11-12 20:05:42.160488
3,18,6,2020-11-12 20:05:46.601623
2,13,4,2020-11-12 20:05:51.793999
2,13,4,2020-11-12 20:05:56.893299
2,9,3,2020-11-12 20:06:01.998984
2,13,4,2020-11-12 20:06:07.153261
2,13,4,2020-11-12 20:06:12.275813
2,9,3,2020-11-12 20:06:16.693531
2,9,3,2020-11-12 20:06:21.965707
2,5,2,2020-11-12 20:06:27.268738
2,5,2,2020-11-12 20:06:32.124510
2,5,2,2020-11-12 20:06:37.217931
2,2,2,2020-11-12 20:06:42.357144
2,5,2,2020-11-12 20:06:46.764382
2,5,2,2020-11-12 20:06:51.954135
2,5,2,2020-11-12 20:06:57.181516
2,5,2,2020-11-12 20:07:02.163617
2,5,2,2020-11-12 20:07:07.281819
3,6,3,2020-11-12 20:07:12.411625
3,6,3,2020-11-12 20:07:16.888031
2,2,2,2020-11-12 20:39:47.042007
2,2,2,2020-11-12 20:39:52.128342
2,2,2,2020-11-12 20:39:56.521833
2,2,2,2020-11-12 20:40:02.526973
2,2,2,2020-11-12 20:40:06.804918
2,2,2,2020-11-12 20:40:11.930050
2,2,2,2020-11-12 20:40:17.064004
2,2,2,2020-11-12 20:40:22.227546
2,2,2,2020-11-12 20:40:26.603623
2,2,2,2020-11-12 20:40:31.761721
2,2,2,2020-11-12 20:40:36.954387
2,2,2,2020-11-12 20:40:42.018099
2,2,2,2020-11-12 20:40:48.076411
2,2,2,2020-11-12 20:40:52.223450
2,2,2,2020-11-12 20:40:56.766273
2,2,2,2020-11-12 20:41:01.978812
2,2,2,2020-11-12 20:41:07.057177
2,2,2,2020-11-12 20:41:12.165877
2,2,2,2020-11-12 20:41:17.245539
2,2,2,2020-11-12 20:41:22.436099
2,2,2,2020-11-12 20:41:26.787417
2,2,2,2020-11-12 20:41:31.919888
2,2,2,2020-11-12 20:41:37.039342
2,2,2,2020-11-12 20:41:42.169934
2,5,2,2020-11-12 20:41:47.307810
2,5,2,2020-11-12 20:41:52.410109
2,5,2,2020-11-12 20:41:56.843965
2,6,3,2020-11-12 20:42:02.326110
2,6,3,2020-11-12 20:42:07.283712
2,6,3,2020-11-12 20:42:12.222697
2,6,3,2020-11-12 20:42:17.400666
2,6,3,2020-11-12 20:42:21.804492
2,6,3,2020-11-12 20:42:27.231605
2,6,3,2020-11-12 20:42:32.109833
2,6,3,2020-11-12 20:42:37.208887
2,6,3,2020-11-12 20:42:42.341380
2,5,2,2020-11-12 20:42:48.574844
2,6,3,2020-11-12 20:42:51.928761
2,6,3,2020-11-12 20:42:57.088435
2,6,3,2020-11-12 20:43:02.668489
2,5,2,2020-11-12 20:43:07.341838
2,5,2,2020-11-12 20:43:12.463302
2,5,2,2020-11-12 20:43:17.599901
2,5,2,2020-11-12 20:43:21.982130
2,5,2,2020-11-12 20:43:27.138404
2,2,2,2020-11-12 20:43:32.287364
2,2,2,2020-11-12 20:43:37.374094
2,2,2,2020-11-12 20:43:42.543777
2,2,2,2020-11-12 20:43:47.637079
2,2,2,2020-11-12 20:43:52.041825
2,2,2,2020-11-12 20:43:57.208782
2,2,2,2020-11-12 20:44:02.746338
2,2,2,2020-11-12 20:44:07.824030
2,2,2,2020-11-12 20:44:12.584455
2,2,2,2020-11-12 20:44:17.682447
2,2,2,2020-11-12 20:44:22.122490
2,2,2,2020-11-12 20:44:27.312725
2,2,2,2020-11-12 20:44:32.544389
2,2,2,2020-11-12 20:44:37.546572
2,2,2,2020-11-12 20:44:42.651708
2,2,2,2020-11-12 20:44:48.480439
2,2,2,2020-11-12 20:44:52.200087
2,2,2,2020-11-12 20:44:57.382831
2,2,2,2020-11-12 20:45:03.059484
2,2,2,2020-11-12 20:45:07.705458
2,2,2,2020-11-12 20:45:12.727356
2,2,2,2020-11-12 20:45:18.036763
2,2,2,2020-11-12 20:45:22.282026
2,2,2,2020-11-12 20:45:27.475610
2,2,2,2020-11-12 20:45:32.624372
2,2,2,2020-11-12 20:45:37.800381
2,2,2,2020-11-12 20:45:42.967412
2,3,3,2020-11-12 20:45:47.902361
2,3,3,2020-11-12 20:45:52.425133
2,7,4,2020-11-12 20:45:57.610959
2,8,5,2020-11-12 20:46:03.267252
2,7,4,2020-11-12 20:46:07.786269
2,11,5,2020-11-12 20:46:12.901444
2,11,5,2020-11-12 20:46:18.027269
2,11,5,2020-11-12 20:46:22.442287
2,11,5,2020-11-12 20:46:27.708525
2,11,5,2020-11-12 20:46:32.719660
2,11,5,2020-11-12 20:46:37.943768
2,15,6,2020-11-12 20:46:42.983090
2,11,5,2020-11-12 20:46:49.031655
2,14,5,2020-11-12 20:46:52.568495
2,11,5,2020-11-12 20:46:57.752178
2,10,4,2020-11-12 20:47:03.200461
2,10,4,2020-11-12 20:47:08.025140
2,6,3,2020-11-12 20:47:13.088613
2,5,2,2020-11-12 20:47:18.217552
2,5,2,2020-11-12 20:47:22.615674
2,6,3,2020-11-12 20:47:27.783609
2,10,4,2020-11-12 20:47:32.929467
2,10,4,2020-11-12 20:47:38.050278
2,9,3,2020-11-12 20:47:43.137328
2,6,3,2020-11-12 20:47:48.255275
2,6,3,2020-11-12 20:47:52.683461
2,5,2,2020-11-12 20:47:57.843679
2,5,2,2020-11-12 20:48:04.407724
2,6,3,2020-11-12 20:48:08.174496
2,6,3,2020-11-12 20:48:13.204151
2,6,3,2020-11-12 20:48:18.345746
2,6,3,2020-11-12 20:48:22.771276
2,9,3,2020-11-12 20:48:28.011618
2,6,3,2020-11-12 20:48:33.064371
2,9,3,2020-11-12 20:48:38.240404
2,9,3,2020-11-12 20:48:43.301193
2,10,4,2020-11-12 20:48:47.721297
2,9,3,2020-11-12 20:48:53.317775
2,9,3,2020-11-12 20:48:57.980732
2,9,3,2020-11-12 20:49:03.147422
2,9,3,2020-11-12 20:49:08.577032
2,5,2,2020-11-12 20:49:13.581314
2,5,2,2020-11-12 20:49:17.830040
2,5,2,2020-11-12 20:49:22.992627
2,5,2,2020-11-12 20:49:28.088183
2,5,2,2020-11-12 20:49:33.208816
2,5,2,2020-11-12 20:49:38.368908
2,5,2,2020-11-12 20:49:43.445381
2,2,2,2020-11-12 20:49:47.882646
2,2,2,2020-11-12 20:49:53.052280
2,2,2,2020-11-12 20:49:58.204950
2,2,2,2020-11-12 20:50:03.357669
2,5,2,2020-11-12 20:50:08.980018
2,5,2,2020-11-12 20:50:13.521588
2,5,2,2020-11-12 20:50:17.962929
2,5,2,2020-11-12 20:50:23.144139
3,3,3,2020-11-12 20:50:28.237775
3,3,3,2020-11-12 20:50:33.362100
2,2,2,2020-11-12 20:50:38.482144
3,3,3,2020-11-12 20:50:43.690609
2,2,2,2020-11-12 20:50:48.087490
2,2,2,2020-11-12 20:50:53.267944
2,5,2,2020-11-12 20:50:58.515064
2,5,2,2020-11-12 20:51:03.520613
3,6,3,2020-11-12 20:51:08.632902
2,5,2,2020-11-12 20:51:13.727807
2,5,2,2020-11-12 20:51:18.137641
2,5,2,2020-11-12 20:51:23.318412
2,5,2,2020-11-12 20:51:28.413256
2,5,2,2020-11-12 20:51:33.553134
2,5,2,2020-11-12 20:51:38.739824
2,5,2,2020-11-12 20:51:43.786637
2,5,2,2020-11-12 20:51:48.201718
2,5,2,2020-11-12 20:51:53.357184
2,5,2,2020-11-12 20:51:58.517231
2,2,2,2020-11-12 20:52:03.617565
2,2,2,2020-11-12 20:52:08.813406
2,2,2,2020-11-12 20:52:13.844859
2,2,2,2020-11-12 20:52:18.281893
2,2,2,2020-11-12 20:52:23.454304
2,6,3,2020-11-12 20:52:29.104446
2,10,4,2020-11-12 20:52:33.850401
2,10,4,2020-11-12 20:52:38.787867
2,10,4,2020-11-12 20:52:44.007773
2,6,3,2020-11-12 20:52:48.381784
2,7,4,2020-11-12 20:52:53.536820
2,6,3,2020-11-12 20:52:58.659990
2,6,3,2020-11-12 20:53:04.053650
2,6,3,2020-11-12 20:53:08.863362
2,10,4,2020-11-12 20:53:14.024600
2,10,4,2020-11-12 20:53:18.448906
3,12,6,2020-11-12 20:53:23.763176
3,11,5,2020-11-12 20:53:28.720167
3,8,5,2020-11-12 20:53:33.950997
2,7,4,2020-11-12 20:53:39.092252
2,7,4,2020-11-12 20:53:43.565985
2,7,4,2020-11-12 20:53:48.752884
2,10,4,2020-11-12 20:53:53.660974
2,10,4,2020-11-12 20:53:58.837030
2,5,2,2020-11-12 20:54:03.948647
3,3,3,2020-11-12 20:54:09.040601
3,7,4,2020-11-12 20:54:14.283942
3,7,4,2020-11-12 20:54:18.604603
3,6,3,2020-11-12 20:54:23.783078
3,10,4,2020-11-12 20:54:28.923239
2,9,3,2020-11-12 20:54:34.013348
2,9,3,2020-11-12 20:54:39.218268
2,9,3,2020-11-12 20:54:44.240560
2,10,4,2020-11-12 20:54:48.739019
2,9,3,2020-11-12 20:54:54.528655
2,9,3,2020-11-12 20:54:59.031239
2,9,3,2020-11-12 20:55:04.244247
2,9,3,2020-11-12 20:55:09.245944
2,6,3,2020-11-12 20:55:13.656293
2,6,3,2020-11-12 20:55:19.156454
2,5,2,2020-11-12 20:55:23.908057
2,2,2,2020-11-12 20:55:29.098130
2,2,2,2020-11-12 20:55:34.197523
2,2,2,2020-11-12 20:55:39.626964
2,2,2,2020-11-12 20:55:43.887929
2,2,2,2020-11-12 20:55:48.900664
2,2,2,2020-11-12 20:55:54.019991
2,2,2,2020-11-12 20:55:59.151943
2,2,2,2020-11-12 20:56:04.391677
2,5,2,2020-11-12 20:56:09.380247
2,5,2,2020-11-12 20:56:13.821025
2,5,2,2020-11-12 20:56:19.070183
2,2,2,2020-11-12 20:56:24.111638
2,5,2,2020-11-12 20:56:29.366989
2,5,2,2020-11-12 20:56:34.298409
2,5,2,2020-11-12 20:56:39.604446
2,5,2,2020-11-12 20:56:43.901769
2,6,3,2020-11-12 20:56:49.177705
2,6,3,2020-11-12 20:56:55.448432
2,5,2,2020-11-12 20:56:59.386390
2,5,2,2020-11-12 20:57:04.608171
2,2,2,2020-11-12 20:57:09.687004
2,2,2,2020-11-12 20:57:14.760607
2,5,2,2020-11-12 20:57:19.342988
3,6,3,2020-11-12 20:57:24.218534
3,3,3,2020-11-12 20:57:29.524045
3,3,3,2020-11-12 20:57:34.461659
3,3,3,2020-11-12 20:57:39.620863
3,3,3,2020-11-12 20:57:44.206636
3,3,3,2020-11-12 20:57:49.248559
2,2,2,2020-11-12 20:57:54.363400
2,2,2,2020-11-12 20:57:59.512026
2,2,2,2020-11-12 20:58:04.577712
2,2,2,2020-11-12 20:58:09.716423
2,2,2,2020-11-12 20:58:14.122940
2,2,2,2020-11-12 20:58:19.293372
2,2,2,2020-11-12 20:58:24.399676
2,5,2,2020-11-12 20:58:29.521516
2,5,2,2020-11-12 20:58:34.666617
2,9,3,2020-11-12 20:58:39.776533
2,9,3,2020-11-12 20:58:44.250519
2,9,3,2020-11-12 20:58:49.424176
3,10,4,2020-11-12 20:58:56.619245
2,10,4,2020-11-12 20:58:59.887073
2,10,4,2020-11-12 20:59:04.973863
2,14,5,2020-11-12 20:59:09.434870
2,14,5,2020-11-12 20:59:14.436753
2,10,4,2020-11-12 20:59:20.432533
2,10,4,2020-11-12 20:59:24.597295
2,10,4,2020-11-12 20:59:29.721166
2,10,4,2020-11-12 20:59:35.159363
2,6,3,2020-11-12 20:59:39.420566
2,2,2,2020-11-12 20:59:44.469110
2,2,2,2020-11-12 20:59:49.597681
2,2,2,2020-11-12 20:59:54.668103
2,6,3,2020-11-12 20:59:59.783615
3,7,4,2020-11-12 21:00:05.079429
3,3,3,2020-11-12 21:00:10.071279
2,2,2,2020-11-12 21:00:14.462332
2,2,2,2020-11-12 21:00:19.670056
2,2,2,2020-11-12 21:00:24.965260
2,5,2,2020-11-12 21:00:29.820913
2,5,2,2020-11-12 21:00:35.136197
2,5,2,2020-11-12 21:00:40.063835
2,5,2,2020-11-12 21:00:44.582453
2,5,2,2020-11-12 21:00:49.723271
2,5,2,2020-11-12 21:00:57.102632
2,2,2,2020-11-12 21:01:00.038361
2,2,2,2020-11-12 21:01:05.227319
2,2,2,2020-11-12 21:01:10.145354
2,2,2,2020-11-12 21:01:14.841198
